-- Create the database


INSERT INTO TipoProva (tipo) VALUES
('P1'),
('P2'),
('P3'),
('P4');

INSERT INTO Disciplina (codDisciplina, nome) VALUES
('INF1013', 'Algoritmos e Estruturas de Dados'),
('INF1014', 'Programacao Orientada a Objetos'),
('INF1015', 'Banco de Dados'),
('INF1016', 'Redes de Computadores'),
('INF1017', 'Engenharia de Software'),
('INF1018', 'Sistemas Operacionais');

INSERT INTO Sala (idSala, bloco, numero) VALUES
(1, 'A', '101'),
(2, 'A', '102'),
(3, 'A', '103'),
(4, 'A', '104'),
(5, 'A', '105'),
(6, 'B', '106'),
(7, 'B', '107'),
(8, 'B', '108'),
(9, 'B', '109'),
(10, 'B', '110'),
(11, 'C', '111'),
(12, 'C', '112'),
(13, 'C', '113'),
(14, 'C', '114'),
(15, 'C', '115'),
(16, 'D', '116'),
(17, 'D', '117'),
(18, 'D', '118'),
(19, 'D', '119'),
(20, 'D', '120');

INSERT INTO Aluno (idAluno, nome, email) VALUES
(1, 'João Silva', 'joao.silva@exemplo.com'),
(2, 'Maria Souza', 'maria.souza@exemplo.com'),
(3, 'Pedro Santos', 'pedro.santos@exemplo.com'),
(4, 'Ana Oliveira', 'ana.oliveira@exemplo.com'),
(5, 'Carlos Pereira', 'carlos.pereira@exemplo.com'),
(6, 'Paula Costa', 'paula.costa@exemplo.com'),
(7, 'Lucas Fernandes', 'lucas.fernandes@exemplo.com'),
(8, 'Mariana Gomes', 'mariana.gomes@exemplo.com'),
(9, 'Bruno Lima', 'bruno.lima@exemplo.com'),
(10, 'Julia Almeida', 'julia.almeida@exemplo.com'),
(11, 'Daniel Rocha', 'daniel.rocha@exemplo.com'),
(12, 'Beatriz Martins', 'beatriz.martins@exemplo.com'),
(13, 'Ricardo Barbosa', 'ricardo.barbosa@exemplo.com'),
(14, 'Fernanda Castro', 'fernanda.castro@exemplo.com'),
(15, 'Rafael Dias', 'rafael.dias@exemplo.com'),
(16, 'Laura Ferreira', 'laura.ferreira@exemplo.com'),
(17, 'Guilherme Rodrigues', 'guilherme.rodrigues@exemplo.com'),
(18, 'Camila Santos', 'camila.santos@exemplo.com'),
(19, 'Gabriel Sousa', 'gabriel.sousa@exemplo.com'),
(20, 'Vitoria Lima', 'vitoria.lima@exemplo.com'),
(21, 'Felipe Alves', 'felipe.alves@exemplo.com'),
(22, 'Isabela Ribeiro', 'isabela.ribeiro@exemplo.com'),
(23, 'André Costa', 'andre.costa@exemplo.com'),
(24, 'Larissa Gomes', 'larissa.gomes@exemplo.com'),
(25, 'Marcelo Fernandes', 'marcelo.fernandes@exemplo.com'),
(26, 'Carolina Pereira', 'carolina.pereira@exemplo.com'),
(27, 'Thiago Oliveira', 'thiago.oliveira@exemplo.com'),
(28, 'Amanda Dias', 'amanda.dias@exemplo.com'),
(29, 'Eduardo Martins', 'eduardo.martins@exemplo.com'),
(30, 'Luana Rocha', 'luana.rocha@exemplo.com'),
(31, 'Vinicius Silva', 'vinicius.silva@exemplo.com'),
(32, 'Giovanna Souza', 'giovanna.souza@exemplo.com'),
(33, 'Matheus Santos', 'matheus.santos@exemplo.com'),
(34, 'Renata Oliveira', 'renata.oliveira@exemplo.com'),
(35, 'Diego Pereira', 'diego.pereira@exemplo.com'),
(36, 'Juliana Costa', 'juliana.costa@exemplo.com'),
(37, 'Artur Fernandes', 'artur.fernandes@exemplo.com'),
(38, 'Sophia Gomes', 'sophia.gomes@exemplo.com'),
(39, 'Gustavo Lima', 'gustavo.lima@exemplo.com'),
(40, 'Helena Almeida', 'helena.almeida@exemplo.com'),
(41, 'Leonardo Rocha', 'leonardo.rocha@exemplo.com'),
(42, 'Clara Martins', 'clara.martins@exemplo.com'),
(43, 'Enzo Barbosa', 'enzo.barbosa@exemplo.com'),
(44, 'Valentina Castro', 'valentina.castro@exemplo.com'),
(45, 'Miguel Dias', 'miguel.dias@exemplo.com'),
(46, 'Manuela Ferreira', 'manuela.ferreira@exemplo.com'),
(47, 'Pedro Rodrigues', 'pedro.rodrigues@exemplo.com'),
(48, 'Cecilia Santos', 'cecilia.santos@exemplo.com'),
(49, 'Lorenzo Sousa', 'lorenzo.sousa@exemplo.com'),
(50, 'Isadora Lima', 'isadora.lima@exemplo.com'),
(51, 'Benicio Alves', 'benicio.alves@exemplo.com'),
(52, 'Liz Ribeiro', 'liz.ribeiro@exemplo.com'),
(53, 'Theo Costa', 'theo.costa@exemplo.com'),
(54, 'Alice Gomes', 'alice.gomes@exemplo.com'),
(55, 'Joaquim Fernandes', 'joaquim.fernandes@exemplo.com'),
(56, 'Mariana Pereira', 'mariana.pereira@exemplo.com'),
(57, 'Davi Oliveira', 'davi.oliveira@exemplo.com'),
(58, 'Laura Dias', 'laura.dias@exemplo.com'),
(59, 'Lucas Martins', 'lucas.martins@exemplo.com'),
(60, 'Sophia Rocha', 'sophia.rocha@exemplo.com'),
(61, 'Arthur Silva', 'arthur.silva@exemplo.com'),
(62, 'Isabela Souza', 'isabela.souza@exemplo.com'),
(63, 'Pedro Henrique Santos', 'pedrohenrique.santos@exemplo.com'),
(64, 'Maria Eduarda Oliveira', 'mariaeduarda.oliveira@exemplo.com'),
(65, 'Guilherme Pereira', 'guilherme.pereira@exemplo.com'),
(66, 'Laura Costa', 'laura.costa@exemplo.com'),
(67, 'Enzo Gabriel Fernandes', 'enzogabriel.fernandes@exemplo.com'),
(68, 'Ana Clara Gomes', 'anaclara.gomes@exemplo.com'),
(69, 'João Miguel Lima', 'joaomiguel.lima@exemplo.com'),
(70, 'Maria Clara Almeida', 'mariaclara.almeida@exemplo.com'),
(71, 'Gabriel Rocha', 'gabriel.rocha@exemplo.com'),
(72, 'Alice Martins', 'alice.martins@exemplo.com'),
(73, 'Pedro Arthur Barbosa', 'pedroarthur.barbosa@exemplo.com'),
(74, 'Manuela Castro', 'manuela.castro@exemplo.com'),
(75, 'Davi Lucca Dias', 'davilucca.dias@exemplo.com'),
(76, 'Helena Ferreira', 'helena.ferreira@exemplo.com'),
(77, 'Miguel Rodrigues', 'miguel.rodrigues@exemplo.com'),
(78, 'Sophia Santos', 'sophia.santos@exemplo.com'),
(79, 'Bernardo Sousa', 'bernardo.sousa@exemplo.com'),
(80, 'Valentina Lima', 'valentina.lima@exemplo.com'),
(81, 'Heitor Alves', 'heitor.alves@exemplo.com'),
(82, 'Liz Ribeiro', 'liz.ribeiro@exemplo.com'),
(83, 'Rafael Costa', 'rafael.costa@exemplo.com'),
(84, 'Clara Gomes', 'clara.gomes@exemplo.com'),
(85, 'Lucas Fernandes', 'lucas.fernandes@exemplo.com'),
(86, 'Julia Pereira', 'julia.pereira@exemplo.com'),
(87, 'Daniel Oliveira', 'daniel.oliveira@exemplo.com'),
(88, 'Beatriz Dias', 'beatriz.dias@exemplo.com'),
(89, 'Ricardo Martins', 'ricardo.martins@exemplo.com'),
(90, 'Luana Rocha', 'luana.rocha@exemplo.com'),
(91, 'Vinicius Silva', 'vinicius.silva@exemplo.com'),
(92, 'Giovanna Souza', 'giovanna.souza@exemplo.com'),
(93, 'Matheus Santos', 'matheus.santos@exemplo.com'),
(94, 'Renata Oliveira', 'renata.oliveira@exemplo.com'),
(95, 'Diego Pereira', 'diego.pereira@exemplo.com'),
(96, 'Juliana Costa', 'juliana.costa@exemplo.com'),
(97, 'Artur Fernandes', 'artur.fernandes@exemplo.com'),
(98, 'Sophia Gomes', 'sophia.gomes@exemplo.com'),
(99, 'Gustavo Lima', 'gustavo.lima@exemplo.com'),
(100, 'Helena Almeida', 'helena.almeida@exemplo.com');

INSERT INTO Turma (idTurma, nomeTurma, codDisciplina) VALUES
(1, 'TMA1', 'INF1013'),
(2, 'TMB1', 'INF1014'),
(3, 'TMC1', 'INF1015'),
(4, 'TMD1', 'INF1016'),
(5, 'TME1', 'INF1017'),
(6, 'TMA2', 'INF1013'),
(7, 'TMB2', 'INF1014'),
(8, 'TMC2', 'INF1015'),
(9, 'TMD2', 'INF1016'),
(10, 'TME2', 'INF1017');

INSERT INTO Prova (idProva, dataHora, codDisciplina, tipo)
VALUES
(1, '2024-07-01 09:00:00', 'INF1013', 'P1'),
(2, '2024-07-05 14:00:00', 'INF1014', 'P2'),
(3, '2024-07-10 10:00:00', 'INF1015', 'P1'),
(4, '2024-07-15 16:00:00', 'INF1016', 'P3'),
(5, '2024-07-20 11:00:00', 'INF1017', 'P2'),
(6, '2024-07-25 09:30:00', 'INF1018', 'P4'),
(7, '2024-07-28 13:00:00', 'INF1013', 'P1'),
(8, '2024-08-01 10:00:00', 'INF1014', 'P3');

