-- Create the database


INSERT INTO TipoProva (tipo) VALUES
('P1'),
('P2'),
('P3'),
('P4');

INSERT INTO Disciplina (codDisciplina, nome) VALUES
('INF1013', 'Algoritmos e Estruturas de Dados'),
('INF1014', 'Programacao Orientada a Objetos'),
('INF1015', 'Banco de Dados'),
('INF1016', 'Redes de Computadores'),
('INF1017', 'Engenharia de Software'),
('INF1018', 'Sistemas Operacionais');

INSERT INTO Sala (idSala, bloco, numero) VALUES
(1, 'L', '101'),
(2, 'L', '102'),
(3, 'L', '103'),
(4, 'L', '104'),
(5, 'L', '105'),
(6, 'L', '106'),
(7, 'L', '107'),
(8, 'L', '108'),
(9, 'L', '109'),
(10, 'L', '110'),
(11, 'L', '111'),
(12, 'L', '112'),
(13, 'L', '113'),
(14, 'L', '114'),
(15, 'L', '115'),
(16, 'L', '116'),
(17, 'L', '117'),
(18, 'L', '118'),
(19, 'L', '119'),
(20, 'L', '120');

INSERT INTO Aluno (idAluno, nome, email) VALUES
(1, 'João Assembly', 'joao.assembly@exemplo.com'),
(2, 'Maria Binário', 'maria.binario@exemplo.com'),
(3, 'Pedro Byte', 'pedro.byte@exemplo.com'),
(4, 'Ana Cache', 'ana.cache@exemplo.com'),
(5, 'Carlos Chip', 'carlos.chip@exemplo.com'),
(6, 'Paula Código', 'paula.codigo@exemplo.com'),
(7, 'Lucas Compilador', 'lucas.compilador@exemplo.com'),
(8, 'Mariana Dado', 'mariana.dado@exemplo.com'),
(9, 'Bruno Debug', 'bruno.debug@exemplo.com'),
(10, 'Julia Driver', 'leogiuris@gmail.com'),
(11, 'Daniel Firmware', 'daniel.firmware@exemplo.com'),
(12, 'Beatriz Gateway', 'beatriz.gateway@exemplo.com'),
(13, 'Ricardo Hardware', 'ricardo.hardware@exemplo.com'),
(14, 'Fernanda Interface', 'fernanda.interface@exemplo.com'),
(15, 'Rafael Kernel', 'rafael.kernel@exemplo.com'),
(16, 'Laura Linguagem', 'laura.linguagem@exemplo.com'),
(17, 'Guilherme Lógica', 'guilherme.logica@exemplo.com'),
(18, 'Camila Memória', 'camila.memoria@exemplo.com'),
(19, 'Gabriel Node', 'gabriel.node@exemplo.com'),
(20, 'Vitoria Objeto', 'vitoria.objeto@exemplo.com'),
(21, 'Felipe Protocolo', 'felipe.protocolo@exemplo.com'),
(22, 'Isabela Query', 'isabela.query@exemplo.com'),
(23, 'André Rede', 'andre.rede@exemplo.com'),
(24, 'Larissa Servidor', 'larissa.servidor@exemplo.com'),
(25, 'Marcelo Software', 'marcelo.software@exemplo.com'),
(26, 'Carolina Sistema', 'carolina.sistema@exemplo.com'),
(27, 'Thiago Thread', 'thiago.thread@exemplo.com'),
(28, 'Amanda Token', 'amanda.token@exemplo.com'),
(29, 'Eduardo Variável', 'eduardo.variavel@exemplo.com'),
(30, 'Luana Vetor', 'luana.vetor@exemplo.com'),
(31, 'Vinicius Vírus', 'vinicius.virus@exemplo.com'),
(32, 'Giovanna Web', 'giovanna.web@exemplo.com'),
(33, 'Matheus Bit', 'matheus.bit@exemplo.com'),
(34, 'Renata Cloud', 'renata.cloud@exemplo.com'),
(35, 'Diego Data', 'diego.data@exemplo.com'),
(36, 'Juliana Digital', 'juliana.digital@exemplo.com'),
(37, 'Artur Encrypt', 'artur.encrypt@exemplo.com'),
(38, 'Sophia Firewall', 'sophia.firewall@exemplo.com'),
(39, 'Gustavo Hacker', 'gustavo.hacker@exemplo.com'),
(40, 'Helena IoT', 'helena.iot@exemplo.com'),
(41, 'Leonardo Java', 'leonardo.java@exemplo.com'),
(42, 'Clara Lisp', 'clara.lisp@exemplo.com'),
(43, 'Enzo Machine', 'enzo.machine@exemplo.com'),
(44, 'Valentina Null', 'valentina.null@exemplo.com'),
(45, 'Miguel Online', 'miguel.online@exemplo.com'),
(46, 'Manuela Pixel', 'manuela.pixel@exemplo.com'),
(47, 'Pedro Quantum', 'pedro.quantum@exemplo.com'),
(48, 'Cecilia Robot', 'cecilia.robot@exemplo.com'),
(49, 'Lorenzo Script', 'lorenzo.script@exemplo.com'),
(50, 'Isadora Servico', 'isadora.servico@exemplo.com'),
(51, 'Benicio Stream', 'benicio.stream@exemplo.com'),
(52, 'Liz Syntax', 'liz.syntax@exemplo.com'),
(53, 'Theo Tablet', 'theo.tablet@exemplo.com'),
(54, 'Alice Upload', 'alice.upload@exemplo.com'),
(55, 'Joaquim Virtual', 'joaquim.virtual@exemplo.com'),
(56, 'Mariana Wireless', 'mariana.wireless@exemplo.com'),
(57, 'Davi XML', 'davi.xml@exemplo.com'),
(58, 'Laura Zigbee', 'laura.zigbee@exemplo.com'),
(59, 'Lucas Array', 'lucas.array@exemplo.com'),
(60, 'Sophia Backlog', 'sophia.backlog@exemplo.com'),
(61, 'Arthur Blockchain', 'arthur.blockchain@exemplo.com'),
(62, 'Isabela Crawler', 'isabela.crawler@exemplo.com'),
(63, 'Pedro Henrique Dashboard', 'pedrohenrique.dashboard@exemplo.com'),
(64, 'Maria Eduarda Database', 'mariaeduarda.database@exemplo.com'),
(65, 'Guilherme Encryption', 'guilherme.encryption@exemplo.com'),
(66, 'Laura Firewall', 'laura.firewall@exemplo.com'),
(67, 'Enzo Gabriel Git', 'enzogabriel.git@exemplo.com'),
(68, 'Ana Clara Hash', 'anaclara.hash@exemplo.com'),
(69, 'João Miguel Index', 'joaomiguel.index@exemplo.com'),
(70, 'Maria Clara JSON', 'mariaclara.json@exemplo.com'),
(71, 'Gabriel Latency', 'gabriel.latency@exemplo.com'),
(72, 'Alice Log', 'alice.log@exemplo.com'),
(73, 'Pedro Arthur Markdown', 'pedroarthur.markdown@exemplo.com'),
(74, 'Manuela Metadata', 'manuela.metadata@exemplo.com'),
(75, 'Davi Lucca Mouse', 'davilucca.mouse@exemplo.com'),
(76, 'Helena Node.js', 'helena.nodejs@exemplo.com'),
(77, 'Miguel OpenAPI', 'miguel.openapi@exemplo.com'),
(78, 'Sophia Packet', 'sophia.packet@exemplo.com'),
(79, 'Bernardo Pipeline', 'bernardo.pipeline@exemplo.com'),
(80, 'Valentina Python', 'valentina.python@exemplo.com'),
(81, 'Heitor Runtime', 'heitor.runtime@exemplo.com'),
(82, 'Liz Schema', 'liz.schema@exemplo.com'),
(83, 'Rafael Script', 'rafael.script@exemplo.com'),
(84, 'Clara Simulator', 'clara.simulator@exemplo.com'),
(85, 'Lucas Stack', 'lucas.stack@exemplo.com'),
(86, 'Julia Terminal', 'julia.terminal@exemplo.com'),
(87, 'Daniel Teste', 'daniel.teste@exemplo.com'),
(88, 'Beatriz Upload', 'beatriz.upload@exemplo.com'),
(89, 'Ricardo Versionamento', 'ricardo.versionamento@exemplo.com'),
(90, 'Luana Webhook', 'luana.webhook@exemplo.com'),
(91, 'Vinicius Workspace', 'vinicius.workspace@exemplo.com'),
(92, 'Giovanna Xaml', 'giovanna.xaml@exemplo.com'),
(93, 'Matheus Zero', 'matheus.zero@exemplo.com'),
(94, 'Renata Algoritmo', 'renata.algoritmo@exemplo.com'),
(95, 'Diego Backend', 'diego.backend@exemplo.com'),
(96, 'Juliana Bit', 'juliana.bit@exemplo.com'),
(97, 'Artur Cluster', 'artur.cluster@exemplo.com'),
(98, 'Sophia Debugger', 'sophia.debugger@exemplo.com'),
(99, 'Gustavo Frontend', 'gustavo.frontend@exemplo.com'),
(100, 'Helena Git', 'helena.git@exemplo.com'),
(123, 'Ariel Mileguir', 'ariel@exemplo.com');

INSERT INTO Turma (idTurma, nomeTurma, CodDisciplinaFK) VALUES
(1, '33C', 'INF1013'),
(2, '33C', 'INF1014'),
(3, '33A', 'INF1015'),
(4, '33C', 'INF1016'),
(5, '33C', 'INF1017'),
(6, '33A', 'INF1013'),
(7, '33M', 'INF1014'),
(8, '33D', 'INF1015'),
(9, '33B', 'INF1016'),
(10, '33F', 'INF1017');

INSERT INTO Prova (idProva, dataHora, CodDisciplinaFK, tipo, IdSalaFK, idTurma)
VALUES
(1, '2025-06-26 09:00:00', 'INF1013', 'P1', 1, 1),
(2, '2025-06-26 14:00:00', 'INF1014', 'P2', 2, 2),
(3, '2025-06-27 10:00:00', 'INF1015', 'P1', 3, 3),
(4, '2025-06-30 16:00:00', 'INF1016', 'P3', 4, 4),
(5, '2025-07-01 11:00:00', 'INF1017', 'P2', 5, 5),
(6, '2025-07-02 09:30:00', 'INF1018', 'P4', 6, 6),
(7, '2025-07-03 13:00:00', 'INF1013', 'P1', 7, 7),
(8, '2025-07-04 10:00:00', 'INF1014', 'P3', 8, 8);



INSERT INTO AlunoTurma (AlunosidAluno, TurmasidTurma) VALUES
(1, 1), (1, 2),
(2, 1), (2, 3), (3, 2),
(4, 1), (4, 3), (4, 5),
(5, 2), (5, 4), (5, 6),
(6, 1), (6, 5), (6, 7),
(7, 2), (7, 6), (7, 8),
(8, 3), (8, 7), (8, 9),
(9, 4), (9, 8), (9, 10),
(10, 1), (10, 6), (10, 9),
(11, 2), (11, 7), (11, 10),
(12, 3), (12, 8), (12, 1),
(13, 4), (13, 9), (13, 2),
(123,1);




